timestamp, index, name, utilization.gpu [%], utilization.memory [%], memory.used [MiB], memory.total [MiB], temperature.gpu, power.draw [W]
2026/05/09 13:59:35.645, 0, NVIDIA A100-SXM4-80GB, 0 %, 0 %, 0 MiB, 81920 MiB, 34, 66.14 W
2026/05/09 13:59:36.651, 0, NVIDIA A100-SXM4-80GB, 0 %, 0 %, 0 MiB, 81920 MiB, 34, 66.31 W
2026/05/09 13:59:37.651, 0, NVIDIA A100-SXM4-80GB, 0 %, 0 %, 0 MiB, 81920 MiB, 34, 66.39 W
2026/05/09 13:59:38.651, 0, NVIDIA A100-SXM4-80GB, 0 %, 0 %, 0 MiB, 81920 MiB, 34, 66.31 W
2026/05/09 13:59:39.651, 0, NVIDIA A100-SXM4-80GB, 0 %, 0 %, 0 MiB, 81920 MiB, 34, 66.39 W
2026/05/09 13:59:40.651, 0, NVIDIA A100-SXM4-80GB, 0 %, 0 %, 0 MiB, 81920 MiB, 34, 66.39 W
2026/05/09 13:59:41.651, 0, NVIDIA A100-SXM4-80GB, 0 %, 0 %, 0 MiB, 81920 MiB, 34, 66.46 W
2026/05/09 13:59:42.652, 0, NVIDIA A100-SXM4-80GB, 0 %, 0 %, 0 MiB, 81920 MiB, 34, 66.46 W
2026/05/09 13:59:43.652, 0, NVIDIA A100-SXM4-80GB, 0 %, 0 %, 0 MiB, 81920 MiB, 34, 66.39 W
2026/05/09 13:59:44.652, 0, NVIDIA A100-SXM4-80GB, 0 %, 0 %, 0 MiB, 81920 MiB, 34, 66.39 W
2026/05/09 13:59:45.652, 0, NVIDIA A100-SXM4-80GB, 0 %, 0 %, 0 MiB, 81920 MiB, 34, 66.39 W
2026/05/09 13:59:46.652, 0, NVIDIA A100-SXM4-80GB, 0 %, 0 %, 0 MiB, 81920 MiB, 34, 66.46 W
2026/05/09 13:59:47.652, 0, NVIDIA A100-SXM4-80GB, 0 %, 0 %, 0 MiB, 81920 MiB, 34, 66.39 W
2026/05/09 13:59:48.653, 0, NVIDIA A100-SXM4-80GB, 0 %, 0 %, 0 MiB, 81920 MiB, 34, 66.31 W
2026/05/09 13:59:49.653, 0, NVIDIA A100-SXM4-80GB, 0 %, 0 %, 0 MiB, 81920 MiB, 34, 66.31 W
2026/05/09 13:59:50.653, 0, NVIDIA A100-SXM4-80GB, 0 %, 0 %, 0 MiB, 81920 MiB, 34, 66.39 W
2026/05/09 13:59:51.653, 0, NVIDIA A100-SXM4-80GB, 0 %, 0 %, 0 MiB, 81920 MiB, 34, 66.31 W
2026/05/09 13:59:52.653, 0, NVIDIA A100-SXM4-80GB, 0 %, 0 %, 0 MiB, 81920 MiB, 34, 66.68 W
2026/05/09 13:59:53.654, 0, NVIDIA A100-SXM4-80GB, 0 %, 0 %, 0 MiB, 81920 MiB, 34, 66.39 W
2026/05/09 13:59:54.654, 0, NVIDIA A100-SXM4-80GB, 0 %, 0 %, 0 MiB, 81920 MiB, 34, 66.39 W
2026/05/09 13:59:55.654, 0, NVIDIA A100-SXM4-80GB, 0 %, 0 %, 0 MiB, 81920 MiB, 34, 66.39 W
2026/05/09 13:59:56.654, 0, NVIDIA A100-SXM4-80GB, 0 %, 0 %, 0 MiB, 81920 MiB, 34, 66.39 W
2026/05/09 13:59:57.654, 0, NVIDIA A100-SXM4-80GB, 0 %, 0 %, 0 MiB, 81920 MiB, 34, 66.39 W
2026/05/09 13:59:58.654, 0, NVIDIA A100-SXM4-80GB, 0 %, 0 %, 0 MiB, 81920 MiB, 34, 66.39 W
2026/05/09 13:59:59.655, 0, NVIDIA A100-SXM4-80GB, 0 %, 0 %, 0 MiB, 81920 MiB, 34, 66.39 W
2026/05/09 14:00:00.655, 0, NVIDIA A100-SXM4-80GB, 0 %, 0 %, 0 MiB, 81920 MiB, 34, 66.39 W
2026/05/09 14:00:01.655, 0, NVIDIA A100-SXM4-80GB, 0 %, 0 %, 0 MiB, 81920 MiB, 34, 66.39 W
2026/05/09 14:00:02.655, 0, NVIDIA A100-SXM4-80GB, 0 %, 0 %, 0 MiB, 81920 MiB, 34, 66.39 W
2026/05/09 14:00:03.655, 0, NVIDIA A100-SXM4-80GB, 0 %, 0 %, 0 MiB, 81920 MiB, 34, 66.39 W
2026/05/09 14:00:04.655, 0, NVIDIA A100-SXM4-80GB, 0 %, 0 %, 0 MiB, 81920 MiB, 34, 66.39 W
2026/05/09 14:00:05.656, 0, NVIDIA A100-SXM4-80GB, 0 %, 0 %, 0 MiB, 81920 MiB, 34, 66.31 W
2026/05/09 14:00:06.656, 0, NVIDIA A100-SXM4-80GB, 0 %, 0 %, 0 MiB, 81920 MiB, 34, 66.39 W
2026/05/09 14:00:07.656, 0, NVIDIA A100-SXM4-80GB, 0 %, 0 %, 0 MiB, 81920 MiB, 34, 66.39 W
2026/05/09 14:00:08.656, 0, NVIDIA A100-SXM4-80GB, 0 %, 0 %, 0 MiB, 81920 MiB, 34, 66.46 W
2026/05/09 14:00:09.657, 0, NVIDIA A100-SXM4-80GB, 0 %, 0 %, 0 MiB, 81920 MiB, 34, 66.54 W
2026/05/09 14:00:10.657, 0, NVIDIA A100-SXM4-80GB, 0 %, 0 %, 0 MiB, 81920 MiB, 34, 66.39 W
2026/05/09 14:00:11.657, 0, NVIDIA A100-SXM4-80GB, 0 %, 0 %, 0 MiB, 81920 MiB, 34, 66.39 W
2026/05/09 14:00:12.657, 0, NVIDIA A100-SXM4-80GB, 0 %, 0 %, 0 MiB, 81920 MiB, 34, 66.39 W
2026/05/09 14:00:13.657, 0, NVIDIA A100-SXM4-80GB, 0 %, 0 %, 0 MiB, 81920 MiB, 34, 66.39 W
2026/05/09 14:00:14.657, 0, NVIDIA A100-SXM4-80GB, 0 %, 0 %, 0 MiB, 81920 MiB, 34, 66.39 W
2026/05/09 14:00:15.658, 0, NVIDIA A100-SXM4-80GB, 0 %, 0 %, 0 MiB, 81920 MiB, 34, 66.39 W
2026/05/09 14:00:16.658, 0, NVIDIA A100-SXM4-80GB, 0 %, 0 %, 0 MiB, 81920 MiB, 34, 66.39 W
2026/05/09 14:00:17.658, 0, NVIDIA A100-SXM4-80GB, 0 %, 0 %, 0 MiB, 81920 MiB, 34, 66.31 W
2026/05/09 14:00:18.658, 0, NVIDIA A100-SXM4-80GB, 0 %, 0 %, 0 MiB, 81920 MiB, 34, 66.46 W
2026/05/09 14:00:19.658, 0, NVIDIA A100-SXM4-80GB, 0 %, 0 %, 0 MiB, 81920 MiB, 34, 66.39 W
2026/05/09 14:00:20.659, 0, NVIDIA A100-SXM4-80GB, 0 %, 0 %, 0 MiB, 81920 MiB, 34, 66.31 W
2026/05/09 14:00:21.659, 0, NVIDIA A100-SXM4-80GB, 0 %, 0 %, 0 MiB, 81920 MiB, 34, 66.31 W
2026/05/09 14:00:22.659, 0, NVIDIA A100-SXM4-80GB, 0 %, 0 %, 0 MiB, 81920 MiB, 34, 66.46 W
2026/05/09 14:00:23.659, 0, NVIDIA A100-SXM4-80GB, 0 %, 0 %, 0 MiB, 81920 MiB, 34, 66.39 W
2026/05/09 14:00:24.659, 0, NVIDIA A100-SXM4-80GB, 0 %, 0 %, 0 MiB, 81920 MiB, 34, 66.31 W
2026/05/09 14:00:25.659, 0, NVIDIA A100-SXM4-80GB, 0 %, 0 %, 0 MiB, 81920 MiB, 34, 66.60 W
2026/05/09 14:00:26.660, 0, NVIDIA A100-SXM4-80GB, 0 %, 0 %, 0 MiB, 81920 MiB, 34, 66.39 W
2026/05/09 14:00:27.660, 0, NVIDIA A100-SXM4-80GB, 0 %, 0 %, 0 MiB, 81920 MiB, 34, 66.46 W
2026/05/09 14:00:28.660, 0, NVIDIA A100-SXM4-80GB, 0 %, 0 %, 0 MiB, 81920 MiB, 34, 66.68 W
2026/05/09 14:00:29.660, 0, NVIDIA A100-SXM4-80GB, 0 %, 0 %, 0 MiB, 81920 MiB, 34, 66.46 W
2026/05/09 14:00:30.660, 0, NVIDIA A100-SXM4-80GB, 0 %, 0 %, 0 MiB, 81920 MiB, 34, 66.60 W
2026/05/09 14:00:31.660, 0, NVIDIA A100-SXM4-80GB, 0 %, 0 %, 0 MiB, 81920 MiB, 34, 66.39 W
2026/05/09 14:00:32.661, 0, NVIDIA A100-SXM4-80GB, 0 %, 0 %, 0 MiB, 81920 MiB, 34, 66.39 W
2026/05/09 14:00:33.661, 0, NVIDIA A100-SXM4-80GB, 0 %, 0 %, 0 MiB, 81920 MiB, 34, 66.68 W
2026/05/09 14:00:34.661, 0, NVIDIA A100-SXM4-80GB, 0 %, 0 %, 0 MiB, 81920 MiB, 34, 66.39 W
2026/05/09 14:00:35.661, 0, NVIDIA A100-SXM4-80GB, 0 %, 0 %, 0 MiB, 81920 MiB, 34, 66.68 W
2026/05/09 14:00:36.661, 0, NVIDIA A100-SXM4-80GB, 2 %, 0 %, 423 MiB, 81920 MiB, 34, 66.92 W
2026/05/09 14:00:37.661, 0, NVIDIA A100-SXM4-80GB, 0 %, 0 %, 425 MiB, 81920 MiB, 34, 66.75 W
2026/05/09 14:00:38.662, 0, NVIDIA A100-SXM4-80GB, 0 %, 0 %, 603 MiB, 81920 MiB, 34, 66.46 W
2026/05/09 14:00:39.662, 0, NVIDIA A100-SXM4-80GB, 0 %, 0 %, 603 MiB, 81920 MiB, 34, 66.39 W
2026/05/09 14:00:40.662, 0, NVIDIA A100-SXM4-80GB, 0 %, 0 %, 603 MiB, 81920 MiB, 34, 66.39 W
2026/05/09 14:00:41.662, 0, NVIDIA A100-SXM4-80GB, 0 %, 0 %, 605 MiB, 81920 MiB, 34, 66.68 W
2026/05/09 14:00:42.663, 0, NVIDIA A100-SXM4-80GB, 0 %, 0 %, 817 MiB, 81920 MiB, 34, 69.10 W
2026/05/09 14:00:43.663, 0, NVIDIA A100-SXM4-80GB, 3 %, 1 %, 1853 MiB, 81920 MiB, 34, 66.68 W
2026/05/09 14:00:44.663, 0, NVIDIA A100-SXM4-80GB, 0 %, 0 %, 2959 MiB, 81920 MiB, 34, 66.68 W
2026/05/09 14:00:45.663, 0, NVIDIA A100-SXM4-80GB, 0 %, 0 %, 4055 MiB, 81920 MiB, 34, 66.14 W
2026/05/09 14:00:46.663, 0, NVIDIA A100-SXM4-80GB, 0 %, 0 %, 4057 MiB, 81920 MiB, 34, 66.39 W
2026/05/09 14:00:47.663, 0, NVIDIA A100-SXM4-80GB, 0 %, 0 %, 4059 MiB, 81920 MiB, 34, 66.39 W
2026/05/09 14:00:48.664, 0, NVIDIA A100-SXM4-80GB, 0 %, 0 %, 4059 MiB, 81920 MiB, 34, 85.00 W
2026/05/09 14:00:49.664, 0, NVIDIA A100-SXM4-80GB, 2 %, 1 %, 4059 MiB, 81920 MiB, 35, 82.05 W
2026/05/09 14:00:50.664, 0, NVIDIA A100-SXM4-80GB, 0 %, 0 %, 4065 MiB, 81920 MiB, 34, 66.39 W
2026/05/09 14:00:51.664, 0, NVIDIA A100-SXM4-80GB, 90 %, 20 %, 4065 MiB, 81920 MiB, 37, 90.97 W
2026/05/09 14:00:52.664, 0, NVIDIA A100-SXM4-80GB, 88 %, 20 %, 4065 MiB, 81920 MiB, 37, 119.44 W
2026/05/09 14:00:53.664, 0, NVIDIA A100-SXM4-80GB, 60 %, 13 %, 4065 MiB, 81920 MiB, 37, 155.58 W
2026/05/09 14:00:54.665, 0, NVIDIA A100-SXM4-80GB, 95 %, 21 %, 4065 MiB, 81920 MiB, 38, 145.89 W
2026/05/09 14:00:55.665, 0, NVIDIA A100-SXM4-80GB, 91 %, 20 %, 4065 MiB, 81920 MiB, 38, 120.26 W
2026/05/09 14:00:56.665, 0, NVIDIA A100-SXM4-80GB, 94 %, 20 %, 4065 MiB, 81920 MiB, 38, 148.84 W
2026/05/09 14:00:57.665, 0, NVIDIA A100-SXM4-80GB, 95 %, 21 %, 4065 MiB, 81920 MiB, 38, 131.45 W
2026/05/09 14:00:58.665, 0, NVIDIA A100-SXM4-80GB, 89 %, 18 %, 4065 MiB, 81920 MiB, 38, 93.71 W
2026/05/09 14:00:59.665, 0, NVIDIA A100-SXM4-80GB, 94 %, 21 %, 4065 MiB, 81920 MiB, 39, 148.60 W
2026/05/09 14:01:00.666, 0, NVIDIA A100-SXM4-80GB, 88 %, 18 %, 4065 MiB, 81920 MiB, 38, 99.36 W
2026/05/09 14:01:01.666, 0, NVIDIA A100-SXM4-80GB, 94 %, 21 %, 4065 MiB, 81920 MiB, 39, 150.49 W
2026/05/09 14:01:02.666, 0, NVIDIA A100-SXM4-80GB, 90 %, 19 %, 4065 MiB, 81920 MiB, 38, 122.98 W
2026/05/09 14:01:03.666, 0, NVIDIA A100-SXM4-80GB, 95 %, 21 %, 4065 MiB, 81920 MiB, 39, 152.62 W
2026/05/09 14:01:04.666, 0, NVIDIA A100-SXM4-80GB, 90 %, 20 %, 4065 MiB, 81920 MiB, 39, 134.71 W
2026/05/09 14:01:05.667, 0, NVIDIA A100-SXM4-80GB, 89 %, 19 %, 4065 MiB, 81920 MiB, 39, 117.02 W
2026/05/09 14:01:06.667, 0, NVIDIA A100-SXM4-80GB, 94 %, 21 %, 4065 MiB, 81920 MiB, 39, 110.29 W
2026/05/09 14:01:07.667, 0, NVIDIA A100-SXM4-80GB, 90 %, 20 %, 4065 MiB, 81920 MiB, 39, 105.44 W
2026/05/09 14:01:08.667, 0, NVIDIA A100-SXM4-80GB, 95 %, 20 %, 4065 MiB, 81920 MiB, 39, 170.45 W
2026/05/09 14:01:09.667, 0, NVIDIA A100-SXM4-80GB, 89 %, 19 %, 4065 MiB, 81920 MiB, 39, 157.22 W
2026/05/09 14:01:10.667, 0, NVIDIA A100-SXM4-80GB, 92 %, 20 %, 4065 MiB, 81920 MiB, 39, 123.75 W
2026/05/09 14:01:11.668, 0, NVIDIA A100-SXM4-80GB, 93 %, 20 %, 4065 MiB, 81920 MiB, 39, 110.69 W
2026/05/09 14:01:12.668, 0, NVIDIA A100-SXM4-80GB, 90 %, 19 %, 4065 MiB, 81920 MiB, 40, 101.79 W
2026/05/09 14:01:13.668, 0, NVIDIA A100-SXM4-80GB, 94 %, 21 %, 4065 MiB, 81920 MiB, 39, 159.64 W
2026/05/09 14:01:14.668, 0, NVIDIA A100-SXM4-80GB, 87 %, 19 %, 4065 MiB, 81920 MiB, 40, 113.00 W
2026/05/09 14:01:15.669, 0, NVIDIA A100-SXM4-80GB, 95 %, 21 %, 4065 MiB, 81920 MiB, 39, 139.93 W
2026/05/09 14:01:16.669, 0, NVIDIA A100-SXM4-80GB, 94 %, 20 %, 4065 MiB, 81920 MiB, 40, 114.06 W
2026/05/09 14:01:17.669, 0, NVIDIA A100-SXM4-80GB, 89 %, 19 %, 4065 MiB, 81920 MiB, 39, 96.00 W
2026/05/09 14:01:18.669, 0, NVIDIA A100-SXM4-80GB, 95 %, 21 %, 4065 MiB, 81920 MiB, 39, 124.72 W
2026/05/09 14:01:19.669, 0, NVIDIA A100-SXM4-80GB, 88 %, 19 %, 4065 MiB, 81920 MiB, 39, 117.45 W
2026/05/09 14:01:20.669, 0, NVIDIA A100-SXM4-80GB, 94 %, 20 %, 4065 MiB, 81920 MiB, 40, 119.58 W
2026/05/09 14:01:21.670, 0, NVIDIA A100-SXM4-80GB, 88 %, 19 %, 4065 MiB, 81920 MiB, 40, 114.30 W
2026/05/09 14:01:22.670, 0, NVIDIA A100-SXM4-80GB, 94 %, 20 %, 4065 MiB, 81920 MiB, 40, 119.87 W
2026/05/09 14:01:23.670, 0, NVIDIA A100-SXM4-80GB, 87 %, 19 %, 4065 MiB, 81920 MiB, 40, 129.42 W
2026/05/09 14:01:24.670, 0, NVIDIA A100-SXM4-80GB, 94 %, 20 %, 4065 MiB, 81920 MiB, 40, 109.88 W
2026/05/09 14:01:25.670, 0, NVIDIA A100-SXM4-80GB, 94 %, 20 %, 4065 MiB, 81920 MiB, 40, 120.12 W
2026/05/09 14:01:26.670, 0, NVIDIA A100-SXM4-80GB, 87 %, 19 %, 4065 MiB, 81920 MiB, 40, 96.89 W
2026/05/09 14:01:27.671, 0, NVIDIA A100-SXM4-80GB, 94 %, 20 %, 4065 MiB, 81920 MiB, 40, 110.66 W
2026/05/09 14:01:28.671, 0, NVIDIA A100-SXM4-80GB, 87 %, 19 %, 4065 MiB, 81920 MiB, 40, 91.26 W
2026/05/09 14:01:29.671, 0, NVIDIA A100-SXM4-80GB, 94 %, 20 %, 4065 MiB, 81920 MiB, 40, 129.71 W
2026/05/09 14:01:30.671, 0, NVIDIA A100-SXM4-80GB, 87 %, 19 %, 4065 MiB, 81920 MiB, 40, 85.49 W
2026/05/09 14:01:31.671, 0, NVIDIA A100-SXM4-80GB, 94 %, 20 %, 4065 MiB, 81920 MiB, 40, 154.51 W
2026/05/09 14:01:32.672, 0, NVIDIA A100-SXM4-80GB, 88 %, 19 %, 4065 MiB, 81920 MiB, 40, 90.44 W
2026/05/09 14:01:33.672, 0, NVIDIA A100-SXM4-80GB, 92 %, 20 %, 4065 MiB, 81920 MiB, 40, 145.35 W
2026/05/09 14:01:34.672, 0, NVIDIA A100-SXM4-80GB, 90 %, 20 %, 4065 MiB, 81920 MiB, 40, 105.28 W
2026/05/09 14:01:35.672, 0, NVIDIA A100-SXM4-80GB, 91 %, 20 %, 4065 MiB, 81920 MiB, 40, 146.42 W
2026/05/09 14:01:36.672, 0, NVIDIA A100-SXM4-80GB, 90 %, 20 %, 4065 MiB, 81920 MiB, 40, 104.21 W
2026/05/09 14:01:37.672, 0, NVIDIA A100-SXM4-80GB, 91 %, 20 %, 4065 MiB, 81920 MiB, 40, 156.93 W
2026/05/09 14:01:38.673, 0, NVIDIA A100-SXM4-80GB, 92 %, 20 %, 4065 MiB, 81920 MiB, 41, 108.56 W
2026/05/09 14:01:39.673, 0, NVIDIA A100-SXM4-80GB, 89 %, 20 %, 4065 MiB, 81920 MiB, 40, 127.97 W
2026/05/09 14:01:40.673, 0, NVIDIA A100-SXM4-80GB, 93 %, 20 %, 4065 MiB, 81920 MiB, 40, 110.66 W
2026/05/09 14:01:41.673, 0, NVIDIA A100-SXM4-80GB, 88 %, 19 %, 4065 MiB, 81920 MiB, 40, 114.76 W
2026/05/09 14:01:42.673, 0, NVIDIA A100-SXM4-80GB, 94 %, 21 %, 4065 MiB, 81920 MiB, 40, 130.77 W
2026/05/09 14:01:43.673, 0, NVIDIA A100-SXM4-80GB, 87 %, 19 %, 4065 MiB, 81920 MiB, 40, 112.42 W
2026/05/09 14:01:44.674, 0, NVIDIA A100-SXM4-80GB, 94 %, 21 %, 4065 MiB, 81920 MiB, 40, 118.91 W
2026/05/09 14:01:45.674, 0, NVIDIA A100-SXM4-80GB, 87 %, 19 %, 4065 MiB, 81920 MiB, 40, 105.04 W
2026/05/09 14:01:46.674, 0, NVIDIA A100-SXM4-80GB, 94 %, 21 %, 4065 MiB, 81920 MiB, 40, 112.18 W
2026/05/09 14:01:47.674, 0, NVIDIA A100-SXM4-80GB, 88 %, 19 %, 4065 MiB, 81920 MiB, 40, 98.53 W
2026/05/09 14:01:48.675, 0, NVIDIA A100-SXM4-80GB, 94 %, 21 %, 4065 MiB, 81920 MiB, 40, 118.53 W
2026/05/09 14:01:49.675, 0, NVIDIA A100-SXM4-80GB, 88 %, 18 %, 4065 MiB, 81920 MiB, 41, 87.72 W
2026/05/09 14:01:50.675, 0, NVIDIA A100-SXM4-80GB, 94 %, 21 %, 4065 MiB, 81920 MiB, 40, 145.60 W
2026/05/09 14:01:51.675, 0, NVIDIA A100-SXM4-80GB, 88 %, 18 %, 4065 MiB, 81920 MiB, 41, 92.33 W
2026/05/09 14:01:52.675, 0, NVIDIA A100-SXM4-80GB, 94 %, 22 %, 4065 MiB, 81920 MiB, 40, 151.55 W
2026/05/09 14:01:53.675, 0, NVIDIA A100-SXM4-80GB, 88 %, 18 %, 4065 MiB, 81920 MiB, 41, 94.82 W
2026/05/09 14:01:54.676, 0, NVIDIA A100-SXM4-80GB, 94 %, 21 %, 4065 MiB, 81920 MiB, 40, 151.02 W
2026/05/09 14:01:55.676, 0, NVIDIA A100-SXM4-80GB, 87 %, 18 %, 4065 MiB, 81920 MiB, 41, 95.58 W
2026/05/09 14:01:56.676, 0, NVIDIA A100-SXM4-80GB, 94 %, 21 %, 4065 MiB, 81920 MiB, 40, 153.45 W
2026/05/09 14:01:57.676, 0, NVIDIA A100-SXM4-80GB, 88 %, 18 %, 4065 MiB, 81920 MiB, 41, 99.07 W
2026/05/09 14:01:58.676, 0, NVIDIA A100-SXM4-80GB, 94 %, 21 %, 4065 MiB, 81920 MiB, 40, 149.67 W
2026/05/09 14:01:59.676, 0, NVIDIA A100-SXM4-80GB, 88 %, 18 %, 4065 MiB, 81920 MiB, 41, 125.93 W
2026/05/09 14:02:00.677, 0, NVIDIA A100-SXM4-80GB, 94 %, 21 %, 4065 MiB, 81920 MiB, 40, 134.84 W
2026/05/09 14:02:01.677, 0, NVIDIA A100-SXM4-80GB, 87 %, 18 %, 4065 MiB, 81920 MiB, 41, 119.04 W
2026/05/09 14:02:02.677, 0, NVIDIA A100-SXM4-80GB, 94 %, 21 %, 4065 MiB, 81920 MiB, 40, 126.03 W
2026/05/09 14:02:03.677, 0, NVIDIA A100-SXM4-80GB, 88 %, 19 %, 4065 MiB, 81920 MiB, 40, 114.73 W
2026/05/09 14:02:04.677, 0, NVIDIA A100-SXM4-80GB, 94 %, 21 %, 4065 MiB, 81920 MiB, 40, 118.77 W
2026/05/09 14:02:05.677, 0, NVIDIA A100-SXM4-80GB, 87 %, 19 %, 4065 MiB, 81920 MiB, 40, 120.94 W
2026/05/09 14:02:06.678, 0, NVIDIA A100-SXM4-80GB, 94 %, 21 %, 4065 MiB, 81920 MiB, 41, 119.97 W
2026/05/09 14:02:07.678, 0, NVIDIA A100-SXM4-80GB, 88 %, 19 %, 4065 MiB, 81920 MiB, 40, 130.62 W
2026/05/09 14:02:08.678, 0, NVIDIA A100-SXM4-80GB, 88 %, 19 %, 4065 MiB, 81920 MiB, 41, 102.03 W
2026/05/09 14:02:09.678, 0, NVIDIA A100-SXM4-80GB, 94 %, 20 %, 4065 MiB, 81920 MiB, 41, 116.06 W
2026/05/09 14:02:10.678, 0, NVIDIA A100-SXM4-80GB, 88 %, 19 %, 4065 MiB, 81920 MiB, 41, 161.78 W
2026/05/09 14:02:11.678, 0, NVIDIA A100-SXM4-80GB, 93 %, 20 %, 4065 MiB, 81920 MiB, 41, 155.33 W
2026/05/09 14:02:12.679, 0, NVIDIA A100-SXM4-80GB, 88 %, 19 %, 4065 MiB, 81920 MiB, 41, 152.44 W
2026/05/09 14:02:13.679, 0, NVIDIA A100-SXM4-80GB, 94 %, 20 %, 4065 MiB, 81920 MiB, 41, 155.97 W
2026/05/09 14:02:14.679, 0, NVIDIA A100-SXM4-80GB, 88 %, 19 %, 4065 MiB, 81920 MiB, 41, 144.29 W
2026/05/09 14:02:15.679, 0, NVIDIA A100-SXM4-80GB, 94 %, 20 %, 4065 MiB, 81920 MiB, 40, 135.00 W
2026/05/09 14:02:16.679, 0, NVIDIA A100-SXM4-80GB, 88 %, 19 %, 4065 MiB, 81920 MiB, 41, 137.80 W
2026/05/09 14:02:17.680, 0, NVIDIA A100-SXM4-80GB, 94 %, 20 %, 4065 MiB, 81920 MiB, 40, 125.16 W
2026/05/09 14:02:18.680, 0, NVIDIA A100-SXM4-80GB, 87 %, 19 %, 4065 MiB, 81920 MiB, 40, 136.15 W
2026/05/09 14:02:19.680, 0, NVIDIA A100-SXM4-80GB, 94 %, 20 %, 4065 MiB, 81920 MiB, 40, 129.04 W
2026/05/09 14:02:20.680, 0, NVIDIA A100-SXM4-80GB, 88 %, 19 %, 4065 MiB, 81920 MiB, 40, 149.67 W
2026/05/09 14:02:21.680, 0, NVIDIA A100-SXM4-80GB, 93 %, 20 %, 4065 MiB, 81920 MiB, 41, 103.68 W
2026/05/09 14:02:22.681, 0, NVIDIA A100-SXM4-80GB, 88 %, 19 %, 4065 MiB, 81920 MiB, 41, 160.17 W
2026/05/09 14:02:23.681, 0, NVIDIA A100-SXM4-80GB, 92 %, 20 %, 4065 MiB, 81920 MiB, 41, 112.42 W
2026/05/09 14:02:24.681, 0, NVIDIA A100-SXM4-80GB, 90 %, 20 %, 4065 MiB, 81920 MiB, 41, 167.44 W
2026/05/09 14:02:25.681, 0, NVIDIA A100-SXM4-80GB, 91 %, 20 %, 4065 MiB, 81920 MiB, 41, 115.00 W
2026/05/09 14:02:26.681, 0, NVIDIA A100-SXM4-80GB, 91 %, 20 %, 4065 MiB, 81920 MiB, 41, 169.86 W
2026/05/09 14:02:27.681, 0, NVIDIA A100-SXM4-80GB, 89 %, 20 %, 4065 MiB, 81920 MiB, 41, 132.67 W
2026/05/09 14:02:28.682, 0, NVIDIA A100-SXM4-80GB, 92 %, 20 %, 4065 MiB, 81920 MiB, 41, 169.86 W
2026/05/09 14:02:29.682, 0, NVIDIA A100-SXM4-80GB, 89 %, 20 %, 4065 MiB, 81920 MiB, 41, 142.57 W
2026/05/09 14:02:30.682, 0, NVIDIA A100-SXM4-80GB, 93 %, 20 %, 4065 MiB, 81920 MiB, 41, 164.25 W
2026/05/09 14:02:31.682, 0, NVIDIA A100-SXM4-80GB, 67 %, 33 %, 4065 MiB, 81920 MiB, 41, 187.16 W
2026/05/09 14:02:32.682, 0, NVIDIA A100-SXM4-80GB, 66 %, 33 %, 4065 MiB, 81920 MiB, 42, 180.42 W
2026/05/09 14:02:33.682, 0, NVIDIA A100-SXM4-80GB, 65 %, 32 %, 4065 MiB, 81920 MiB, 42, 121.47 W
2026/05/09 14:02:34.683, 0, NVIDIA A100-SXM4-80GB, 64 %, 31 %, 4065 MiB, 81920 MiB, 42, 140.51 W
2026/05/09 14:02:35.683, 0, NVIDIA A100-SXM4-80GB, 65 %, 32 %, 4065 MiB, 81920 MiB, 42, 179.31 W
2026/05/09 14:02:36.683, 0, NVIDIA A100-SXM4-80GB, 67 %, 33 %, 4065 MiB, 81920 MiB, 42, 193.07 W
2026/05/09 14:02:37.683, 0, NVIDIA A100-SXM4-80GB, 66 %, 33 %, 4065 MiB, 81920 MiB, 42, 150.73 W
2026/05/09 14:02:38.683, 0, NVIDIA A100-SXM4-80GB, 0 %, 0 %, 4065 MiB, 81920 MiB, 39, 68.57 W
2026/05/09 14:02:39.683, 0, NVIDIA A100-SXM4-80GB, 91 %, 19 %, 4065 MiB, 81920 MiB, 41, 137.51 W
2026/05/09 14:02:40.683, 0, NVIDIA A100-SXM4-80GB, 91 %, 20 %, 4065 MiB, 81920 MiB, 41, 116.78 W
2026/05/09 14:02:41.684, 0, NVIDIA A100-SXM4-80GB, 95 %, 21 %, 4065 MiB, 81920 MiB, 41, 142.64 W
2026/05/09 14:02:42.684, 0, NVIDIA A100-SXM4-80GB, 91 %, 20 %, 4065 MiB, 81920 MiB, 41, 122.83 W
2026/05/09 14:02:43.684, 0, NVIDIA A100-SXM4-80GB, 91 %, 19 %, 4065 MiB, 81920 MiB, 41, 160.17 W
2026/05/09 14:02:44.684, 0, NVIDIA A100-SXM4-80GB, 96 %, 21 %, 4065 MiB, 81920 MiB, 41, 133.04 W
2026/05/09 14:02:45.684, 0, NVIDIA A100-SXM4-80GB, 95 %, 21 %, 4065 MiB, 81920 MiB, 41, 95.29 W
2026/05/09 14:02:46.684, 0, NVIDIA A100-SXM4-80GB, 91 %, 19 %, 4065 MiB, 81920 MiB, 41, 163.96 W
2026/05/09 14:02:47.684, 0, NVIDIA A100-SXM4-80GB, 91 %, 20 %, 4065 MiB, 81920 MiB, 41, 115.26 W
2026/05/09 14:02:48.685, 0, NVIDIA A100-SXM4-80GB, 95 %, 21 %, 4065 MiB, 81920 MiB, 41, 144.53 W
2026/05/09 14:02:49.685, 0, NVIDIA A100-SXM4-80GB, 91 %, 20 %, 4065 MiB, 81920 MiB, 41, 118.23 W
2026/05/09 14:02:50.685, 0, NVIDIA A100-SXM4-80GB, 96 %, 22 %, 4065 MiB, 81920 MiB, 41, 163.96 W
2026/05/09 14:02:51.685, 0, NVIDIA A100-SXM4-80GB, 91 %, 20 %, 4065 MiB, 81920 MiB, 41, 136.07 W
2026/05/09 14:02:52.685, 0, NVIDIA A100-SXM4-80GB, 91 %, 20 %, 4065 MiB, 81920 MiB, 41, 95.82 W
2026/05/09 14:02:53.685, 0, NVIDIA A100-SXM4-80GB, 96 %, 21 %, 4065 MiB, 81920 MiB, 41, 153.16 W
2026/05/09 14:02:54.686, 0, NVIDIA A100-SXM4-80GB, 91 %, 20 %, 4065 MiB, 81920 MiB, 41, 114.73 W
2026/05/09 14:02:55.686, 0, NVIDIA A100-SXM4-80GB, 91 %, 19 %, 4065 MiB, 81920 MiB, 41, 146.71 W
2026/05/09 14:02:56.686, 0, NVIDIA A100-SXM4-80GB, 96 %, 21 %, 4065 MiB, 81920 MiB, 41, 123.12 W
2026/05/09 14:02:57.686, 0, NVIDIA A100-SXM4-80GB, 96 %, 22 %, 4065 MiB, 81920 MiB, 41, 160.28 W
2026/05/09 14:02:58.686, 0, NVIDIA A100-SXM4-80GB, 91 %, 20 %, 4065 MiB, 81920 MiB, 41, 137.80 W
2026/05/09 14:02:59.686, 0, NVIDIA A100-SXM4-80GB, 91 %, 20 %, 4065 MiB, 81920 MiB, 41, 95.04 W
2026/05/09 14:03:00.686, 0, NVIDIA A100-SXM4-80GB, 95 %, 21 %, 4065 MiB, 81920 MiB, 41, 156.93 W
2026/05/09 14:03:01.687, 0, NVIDIA A100-SXM4-80GB, 91 %, 20 %, 4065 MiB, 81920 MiB, 41, 166.91 W
2026/05/09 14:03:02.687, 0, NVIDIA A100-SXM4-80GB, 91 %, 19 %, 4065 MiB, 81920 MiB, 41, 111.35 W
2026/05/09 14:03:03.687, 0, NVIDIA A100-SXM4-80GB, 96 %, 21 %, 4065 MiB, 81920 MiB, 41, 112.58 W
2026/05/09 14:03:04.687, 0, NVIDIA A100-SXM4-80GB, 96 %, 21 %, 4065 MiB, 81920 MiB, 41, 127.82 W
2026/05/09 14:03:05.687, 0, NVIDIA A100-SXM4-80GB, 91 %, 19 %, 4065 MiB, 81920 MiB, 41, 156.15 W
2026/05/09 14:03:06.687, 0, NVIDIA A100-SXM4-80GB, 91 %, 20 %, 4065 MiB, 81920 MiB, 41, 147.78 W
2026/05/09 14:03:07.688, 0, NVIDIA A100-SXM4-80GB, 96 %, 22 %, 4065 MiB, 81920 MiB, 41, 102.85 W
2026/05/09 14:03:08.688, 0, NVIDIA A100-SXM4-80GB, 91 %, 20 %, 4065 MiB, 81920 MiB, 41, 170.05 W
2026/05/09 14:03:09.688, 0, NVIDIA A100-SXM4-80GB, 91 %, 19 %, 4065 MiB, 81920 MiB, 41, 124.43 W
2026/05/09 14:03:10.688, 0, NVIDIA A100-SXM4-80GB, 96 %, 21 %, 4065 MiB, 81920 MiB, 41, 115.02 W
2026/05/09 14:03:11.688, 0, NVIDIA A100-SXM4-80GB, 96 %, 21 %, 4065 MiB, 81920 MiB, 41, 131.98 W
2026/05/09 14:03:12.688, 0, NVIDIA A100-SXM4-80GB, 91 %, 20 %, 4065 MiB, 81920 MiB, 41, 145.60 W
2026/05/09 14:03:13.689, 0, NVIDIA A100-SXM4-80GB, 92 %, 20 %, 4065 MiB, 81920 MiB, 42, 149.91 W
2026/05/09 14:03:14.689, 0, NVIDIA A100-SXM4-80GB, 95 %, 22 %, 4065 MiB, 81920 MiB, 41, 108.23 W
2026/05/09 14:03:15.689, 0, NVIDIA A100-SXM4-80GB, 91 %, 20 %, 4065 MiB, 81920 MiB, 41, 168.55 W
2026/05/09 14:03:16.689, 0, NVIDIA A100-SXM4-80GB, 91 %, 20 %, 4065 MiB, 81920 MiB, 41, 113.91 W
2026/05/09 14:03:17.689, 0, NVIDIA A100-SXM4-80GB, 96 %, 21 %, 4065 MiB, 81920 MiB, 41, 110.95 W
2026/05/09 14:03:18.689, 0, NVIDIA A100-SXM4-80GB, 96 %, 21 %, 4065 MiB, 81920 MiB, 41, 128.21 W
2026/05/09 14:03:19.690, 0, NVIDIA A100-SXM4-80GB, 91 %, 19 %, 4065 MiB, 81920 MiB, 42, 155.58 W
2026/05/09 14:03:20.690, 0, NVIDIA A100-SXM4-80GB, 92 %, 20 %, 4065 MiB, 81920 MiB, 41, 148.31 W
2026/05/09 14:03:21.690, 0, NVIDIA A100-SXM4-80GB, 95 %, 22 %, 4065 MiB, 81920 MiB, 41, 105.68 W
2026/05/09 14:03:22.690, 0, NVIDIA A100-SXM4-80GB, 91 %, 19 %, 4065 MiB, 81920 MiB, 42, 122.68 W
2026/05/09 14:03:23.690, 0, NVIDIA A100-SXM4-80GB, 91 %, 19 %, 4065 MiB, 81920 MiB, 41, 160.47 W
2026/05/09 14:03:24.691, 0, NVIDIA A100-SXM4-80GB, 95 %, 21 %, 4065 MiB, 81920 MiB, 41, 135.91 W
2026/05/09 14:03:25.691, 0, NVIDIA A100-SXM4-80GB, 95 %, 21 %, 4065 MiB, 81920 MiB, 41, 131.31 W
2026/05/09 14:03:26.691, 0, NVIDIA A100-SXM4-80GB, 95 %, 22 %, 4065 MiB, 81920 MiB, 41, 144.00 W
2026/05/09 14:03:27.691, 0, NVIDIA A100-SXM4-80GB, 91 %, 20 %, 4065 MiB, 81920 MiB, 41, 154.33 W
2026/05/09 14:03:28.691, 0, NVIDIA A100-SXM4-80GB, 91 %, 19 %, 4065 MiB, 81920 MiB, 41, 115.26 W
2026/05/09 14:03:29.692, 0, NVIDIA A100-SXM4-80GB, 96 %, 21 %, 4065 MiB, 81920 MiB, 41, 167.20 W
2026/05/09 14:03:30.692, 0, NVIDIA A100-SXM4-80GB, 95 %, 21 %, 4065 MiB, 81920 MiB, 41, 119.87 W
2026/05/09 14:03:31.692, 0, NVIDIA A100-SXM4-80GB, 91 %, 20 %, 4065 MiB, 81920 MiB, 41, 106.10 W
2026/05/09 14:03:32.692, 0, NVIDIA A100-SXM4-80GB, 92 %, 20 %, 4065 MiB, 81920 MiB, 41, 140.75 W
2026/05/09 14:03:33.692, 0, NVIDIA A100-SXM4-80GB, 96 %, 22 %, 4065 MiB, 81920 MiB, 41, 127.43 W
2026/05/09 14:03:34.692, 0, NVIDIA A100-SXM4-80GB, 91 %, 19 %, 4065 MiB, 81920 MiB, 41, 155.58 W
2026/05/09 14:03:35.693, 0, NVIDIA A100-SXM4-80GB, 91 %, 19 %, 4065 MiB, 81920 MiB, 41, 140.51 W
2026/05/09 14:03:36.693, 0, NVIDIA A100-SXM4-80GB, 95 %, 21 %, 4065 MiB, 81920 MiB, 41, 133.73 W
2026/05/09 14:03:37.693, 0, NVIDIA A100-SXM4-80GB, 95 %, 21 %, 4065 MiB, 81920 MiB, 41, 145.96 W
2026/05/09 14:03:38.693, 0, NVIDIA A100-SXM4-80GB, 91 %, 19 %, 4065 MiB, 81920 MiB, 41, 135.62 W
2026/05/09 14:03:39.693, 0, NVIDIA A100-SXM4-80GB, 93 %, 20 %, 4065 MiB, 81920 MiB, 41, 94.75 W
2026/05/09 14:03:40.693, 0, NVIDIA A100-SXM4-80GB, 95 %, 22 %, 4065 MiB, 81920 MiB, 41, 158.10 W
2026/05/09 14:03:41.694, 0, NVIDIA A100-SXM4-80GB, 91 %, 19 %, 4065 MiB, 81920 MiB, 41, 123.89 W
2026/05/09 14:03:42.694, 0, NVIDIA A100-SXM4-80GB, 91 %, 19 %, 4065 MiB, 81920 MiB, 41, 144.53 W
2026/05/09 14:03:43.694, 0, NVIDIA A100-SXM4-80GB, 96 %, 21 %, 4065 MiB, 81920 MiB, 42, 122.54 W
2026/05/09 14:03:44.694, 0, NVIDIA A100-SXM4-80GB, 95 %, 21 %, 4065 MiB, 81920 MiB, 41, 158.82 W
2026/05/09 14:03:45.694, 0, NVIDIA A100-SXM4-80GB, 91 %, 19 %, 4065 MiB, 81920 MiB, 41, 137.96 W
2026/05/09 14:03:46.695, 0, NVIDIA A100-SXM4-80GB, 93 %, 20 %, 4065 MiB, 81920 MiB, 42, 96.65 W
2026/05/09 14:03:47.695, 0, NVIDIA A100-SXM4-80GB, 96 %, 22 %, 4065 MiB, 81920 MiB, 41, 158.63 W
2026/05/09 14:03:48.695, 0, NVIDIA A100-SXM4-80GB, 91 %, 19 %, 4065 MiB, 81920 MiB, 41, 123.51 W
2026/05/09 14:03:49.695, 0, NVIDIA A100-SXM4-80GB, 91 %, 19 %, 4065 MiB, 81920 MiB, 42, 146.71 W
2026/05/09 14:03:50.695, 0, NVIDIA A100-SXM4-80GB, 95 %, 21 %, 4065 MiB, 81920 MiB, 41, 128.21 W
2026/05/09 14:03:51.695, 0, NVIDIA A100-SXM4-80GB, 95 %, 21 %, 4065 MiB, 81920 MiB, 41, 158.63 W
2026/05/09 14:03:52.696, 0, NVIDIA A100-SXM4-80GB, 91 %, 19 %, 4065 MiB, 81920 MiB, 42, 138.62 W
2026/05/09 14:03:53.696, 0, NVIDIA A100-SXM4-80GB, 93 %, 20 %, 4065 MiB, 81920 MiB, 41, 97.18 W
2026/05/09 14:03:54.696, 0, NVIDIA A100-SXM4-80GB, 95 %, 22 %, 4065 MiB, 81920 MiB, 41, 159.35 W
2026/05/09 14:03:55.696, 0, NVIDIA A100-SXM4-80GB, 91 %, 19 %, 4065 MiB, 81920 MiB, 41, 162.07 W
2026/05/09 14:03:56.697, 0, NVIDIA A100-SXM4-80GB, 91 %, 19 %, 4065 MiB, 81920 MiB, 41, 129.33 W
2026/05/09 14:03:57.697, 0, NVIDIA A100-SXM4-80GB, 96 %, 21 %, 4065 MiB, 81920 MiB, 41, 116.78 W
2026/05/09 14:03:58.697, 0, NVIDIA A100-SXM4-80GB, 95 %, 21 %, 4065 MiB, 81920 MiB, 41, 140.06 W
2026/05/09 14:03:59.697, 0, NVIDIA A100-SXM4-80GB, 91 %, 20 %, 4065 MiB, 81920 MiB, 41, 149.91 W
2026/05/09 14:04:00.697, 0, NVIDIA A100-SXM4-80GB, 93 %, 20 %, 4065 MiB, 81920 MiB, 41, 150.20 W
2026/05/09 14:04:01.697, 0, NVIDIA A100-SXM4-80GB, 96 %, 22 %, 4065 MiB, 81920 MiB, 41, 96.36 W
2026/05/09 14:04:02.698, 0, NVIDIA A100-SXM4-80GB, 91 %, 19 %, 4065 MiB, 81920 MiB, 42, 166.47 W
2026/05/09 14:04:03.698, 0, NVIDIA A100-SXM4-80GB, 91 %, 19 %, 4065 MiB, 81920 MiB, 41, 125.25 W
2026/05/09 14:04:04.698, 0, NVIDIA A100-SXM4-80GB, 95 %, 21 %, 4065 MiB, 81920 MiB, 41, 116.33 W
2026/05/09 14:04:05.698, 0, NVIDIA A100-SXM4-80GB, 95 %, 21 %, 4065 MiB, 81920 MiB, 42, 140.75 W
2026/05/09 14:04:06.698, 0, NVIDIA A100-SXM4-80GB, 91 %, 19 %, 4065 MiB, 81920 MiB, 41, 149.67 W
2026/05/09 14:04:07.699, 0, NVIDIA A100-SXM4-80GB, 93 %, 20 %, 4065 MiB, 81920 MiB, 41, 149.20 W
2026/05/09 14:04:08.699, 0, NVIDIA A100-SXM4-80GB, 91 %, 19 %, 4065 MiB, 81920 MiB, 42, 95.58 W
2026/05/09 14:04:09.699, 0, NVIDIA A100-SXM4-80GB, 96 %, 21 %, 4065 MiB, 81920 MiB, 41, 160.28 W
2026/05/09 14:04:10.699, 0, NVIDIA A100-SXM4-80GB, 95 %, 21 %, 4065 MiB, 81920 MiB, 41, 130.69 W
2026/05/09 14:04:11.699, 0, NVIDIA A100-SXM4-80GB, 91 %, 19 %, 4065 MiB, 81920 MiB, 42, 115.02 W
2026/05/09 14:04:12.699, 0, NVIDIA A100-SXM4-80GB, 92 %, 20 %, 4065 MiB, 81920 MiB, 41, 130.38 W
2026/05/09 14:04:13.700, 0, NVIDIA A100-SXM4-80GB, 95 %, 22 %, 4065 MiB, 81920 MiB, 41, 154.09 W
2026/05/09 14:04:14.700, 0, NVIDIA A100-SXM4-80GB, 91 %, 19 %, 4065 MiB, 81920 MiB, 42, 145.35 W
2026/05/09 14:04:15.700, 0, NVIDIA A100-SXM4-80GB, 91 %, 19 %, 4065 MiB, 81920 MiB, 41, 100.96 W
2026/05/09 14:04:16.700, 0, NVIDIA A100-SXM4-80GB, 80 %, 27 %, 4065 MiB, 81920 MiB, 42, 188.84 W
2026/05/09 14:04:17.700, 0, NVIDIA A100-SXM4-80GB, 66 %, 33 %, 4065 MiB, 81920 MiB, 42, 132.67 W
2026/05/09 14:04:18.701, 0, NVIDIA A100-SXM4-80GB, 66 %, 33 %, 4065 MiB, 81920 MiB, 42, 142.57 W
2026/05/09 14:04:19.701, 0, NVIDIA A100-SXM4-80GB, 66 %, 33 %, 4065 MiB, 81920 MiB, 42, 183.62 W
2026/05/09 14:04:20.701, 0, NVIDIA A100-SXM4-80GB, 65 %, 32 %, 4065 MiB, 81920 MiB, 43, 163.66 W
2026/05/09 14:04:21.701, 0, NVIDIA A100-SXM4-80GB, 67 %, 33 %, 4065 MiB, 81920 MiB, 43, 148.84 W
2026/05/09 14:04:22.701, 0, NVIDIA A100-SXM4-80GB, 67 %, 33 %, 4065 MiB, 81920 MiB, 43, 190.20 W
2026/05/09 14:04:23.701, 0, NVIDIA A100-SXM4-80GB, 67 %, 33 %, 4065 MiB, 81920 MiB, 42, 149.30 W
2026/05/09 14:04:24.702, 0, NVIDIA A100-SXM4-80GB, 94 %, 21 %, 4065 MiB, 81920 MiB, 42, 139.77 W
2026/05/09 14:04:25.702, 0, NVIDIA A100-SXM4-80GB, 87 %, 19 %, 4065 MiB, 81920 MiB, 42, 130.10 W
2026/05/09 14:04:26.702, 0, NVIDIA A100-SXM4-80GB, 94 %, 20 %, 4065 MiB, 81920 MiB, 42, 134.42 W
2026/05/09 14:04:27.702, 0, NVIDIA A100-SXM4-80GB, 88 %, 19 %, 4065 MiB, 81920 MiB, 41, 120.12 W
2026/05/09 14:04:28.702, 0, NVIDIA A100-SXM4-80GB, 94 %, 20 %, 4065 MiB, 81920 MiB, 42, 126.32 W
2026/05/09 14:04:29.703, 0, NVIDIA A100-SXM4-80GB, 88 %, 19 %, 4065 MiB, 81920 MiB, 41, 112.01 W
2026/05/09 14:04:30.703, 0, NVIDIA A100-SXM4-80GB, 94 %, 20 %, 4065 MiB, 81920 MiB, 42, 118.80 W
2026/05/09 14:04:31.703, 0, NVIDIA A100-SXM4-80GB, 87 %, 19 %, 4065 MiB, 81920 MiB, 41, 119.34 W
2026/05/09 14:04:32.703, 0, NVIDIA A100-SXM4-80GB, 94 %, 20 %, 4065 MiB, 81920 MiB, 41, 117.16 W
2026/05/09 14:04:33.703, 0, NVIDIA A100-SXM4-80GB, 87 %, 19 %, 4065 MiB, 81920 MiB, 41, 132.51 W
2026/05/09 14:04:34.703, 0, NVIDIA A100-SXM4-80GB, 94 %, 20 %, 4065 MiB, 81920 MiB, 41, 111.35 W
2026/05/09 14:04:35.704, 0, NVIDIA A100-SXM4-80GB, 88 %, 19 %, 4065 MiB, 81920 MiB, 41, 122.25 W
2026/05/09 14:04:36.704, 0, NVIDIA A100-SXM4-80GB, 94 %, 20 %, 4065 MiB, 81920 MiB, 42, 97.18 W
2026/05/09 14:04:37.704, 0, NVIDIA A100-SXM4-80GB, 87 %, 19 %, 4065 MiB, 81920 MiB, 41, 160.47 W
2026/05/09 14:04:38.704, 0, NVIDIA A100-SXM4-80GB, 93 %, 20 %, 4065 MiB, 81920 MiB, 41, 142.11 W
2026/05/09 14:04:39.704, 0, NVIDIA A100-SXM4-80GB, 89 %, 19 %, 4065 MiB, 81920 MiB, 41, 145.89 W
2026/05/09 14:04:40.705, 0, NVIDIA A100-SXM4-80GB, 92 %, 20 %, 4065 MiB, 81920 MiB, 41, 145.07 W
2026/05/09 14:04:41.705, 0, NVIDIA A100-SXM4-80GB, 90 %, 20 %, 4065 MiB, 81920 MiB, 42, 134.02 W
2026/05/09 14:04:42.705, 0, NVIDIA A100-SXM4-80GB, 91 %, 20 %, 4065 MiB, 81920 MiB, 41, 133.64 W
2026/05/09 14:04:43.705, 0, NVIDIA A100-SXM4-80GB, 92 %, 20 %, 4065 MiB, 81920 MiB, 42, 130.69 W
2026/05/09 14:04:44.705, 0, NVIDIA A100-SXM4-80GB, 89 %, 20 %, 4065 MiB, 81920 MiB, 41, 130.24 W
2026/05/09 14:04:45.705, 0, NVIDIA A100-SXM4-80GB, 93 %, 20 %, 4065 MiB, 81920 MiB, 41, 137.42 W
2026/05/09 14:04:46.706, 0, NVIDIA A100-SXM4-80GB, 88 %, 19 %, 4065 MiB, 81920 MiB, 41, 117.70 W
2026/05/09 14:04:47.706, 0, NVIDIA A100-SXM4-80GB, 94 %, 21 %, 4065 MiB, 81920 MiB, 42, 120.66 W
2026/05/09 14:04:48.706, 0, NVIDIA A100-SXM4-80GB, 87 %, 18 %, 4065 MiB, 81920 MiB, 41, 118.80 W
2026/05/09 14:04:49.706, 0, NVIDIA A100-SXM4-80GB, 93 %, 21 %, 4065 MiB, 81920 MiB, 42, 116.62 W
2026/05/09 14:04:50.706, 0, NVIDIA A100-SXM4-80GB, 88 %, 19 %, 4065 MiB, 81920 MiB, 41, 129.57 W
2026/05/09 14:04:51.706, 0, NVIDIA A100-SXM4-80GB, 87 %, 18 %, 4065 MiB, 81920 MiB, 42, 120.11 W
2026/05/09 14:04:52.707, 0, NVIDIA A100-SXM4-80GB, 94 %, 21 %, 4065 MiB, 81920 MiB, 41, 132.51 W
2026/05/09 14:04:53.707, 0, NVIDIA A100-SXM4-80GB, 87 %, 18 %, 4065 MiB, 81920 MiB, 41, 107.99 W
2026/05/09 14:04:54.707, 0, NVIDIA A100-SXM4-80GB, 94 %, 21 %, 4065 MiB, 81920 MiB, 41, 115.67 W
2026/05/09 14:04:55.707, 0, NVIDIA A100-SXM4-80GB, 87 %, 18 %, 4065 MiB, 81920 MiB, 41, 97.46 W
2026/05/09 14:04:56.707, 0, NVIDIA A100-SXM4-80GB, 94 %, 21 %, 4065 MiB, 81920 MiB, 41, 111.11 W
2026/05/09 14:04:57.707, 0, NVIDIA A100-SXM4-80GB, 87 %, 18 %, 4065 MiB, 81920 MiB, 41, 90.57 W
2026/05/09 14:04:58.708, 0, NVIDIA A100-SXM4-80GB, 94 %, 21 %, 4065 MiB, 81920 MiB, 41, 158.10 W
2026/05/09 14:04:59.708, 0, NVIDIA A100-SXM4-80GB, 87 %, 18 %, 4065 MiB, 81920 MiB, 41, 149.91 W
2026/05/09 14:05:00.708, 0, NVIDIA A100-SXM4-80GB, 94 %, 21 %, 4065 MiB, 81920 MiB, 41, 157.22 W
2026/05/09 14:05:01.708, 0, NVIDIA A100-SXM4-80GB, 87 %, 18 %, 4065 MiB, 81920 MiB, 41, 150.73 W
2026/05/09 14:05:02.709, 0, NVIDIA A100-SXM4-80GB, 94 %, 21 %, 4065 MiB, 81920 MiB, 42, 145.76 W
2026/05/09 14:05:03.709, 0, NVIDIA A100-SXM4-80GB, 87 %, 18 %, 4065 MiB, 81920 MiB, 41, 149.20 W
2026/05/09 14:05:04.709, 0, NVIDIA A100-SXM4-80GB, 94 %, 21 %, 4065 MiB, 81920 MiB, 42, 125.55 W
2026/05/09 14:05:05.709, 0, NVIDIA A100-SXM4-80GB, 87 %, 18 %, 4065 MiB, 81920 MiB, 41, 133.89 W
2026/05/09 14:05:06.709, 0, NVIDIA A100-SXM4-80GB, 94 %, 21 %, 4065 MiB, 81920 MiB, 42, 142.93 W
2026/05/09 14:05:07.709, 0, NVIDIA A100-SXM4-80GB, 88 %, 19 %, 4065 MiB, 81920 MiB, 41, 122.30 W
2026/05/09 14:05:08.710, 0, NVIDIA A100-SXM4-80GB, 94 %, 21 %, 4065 MiB, 81920 MiB, 42, 134.55 W
2026/05/09 14:05:09.710, 0, NVIDIA A100-SXM4-80GB, 88 %, 19 %, 4065 MiB, 81920 MiB, 41, 119.97 W
2026/05/09 14:05:10.710, 0, NVIDIA A100-SXM4-80GB, 94 %, 21 %, 4065 MiB, 81920 MiB, 41, 131.46 W
2026/05/09 14:05:11.710, 0, NVIDIA A100-SXM4-80GB, 87 %, 19 %, 4065 MiB, 81920 MiB, 41, 111.75 W
2026/05/09 14:05:12.710, 0, NVIDIA A100-SXM4-80GB, 94 %, 20 %, 4065 MiB, 81920 MiB, 41, 119.34 W
2026/05/09 14:05:13.710, 0, NVIDIA A100-SXM4-80GB, 88 %, 19 %, 4065 MiB, 81920 MiB, 41, 134.55 W
2026/05/09 14:05:14.711, 0, NVIDIA A100-SXM4-80GB, 94 %, 20 %, 4065 MiB, 81920 MiB, 42, 107.58 W
2026/05/09 14:05:15.711, 0, NVIDIA A100-SXM4-80GB, 87 %, 19 %, 4065 MiB, 81920 MiB, 41, 126.32 W
2026/05/09 14:05:16.711, 0, NVIDIA A100-SXM4-80GB, 94 %, 20 %, 4065 MiB, 81920 MiB, 41, 105.04 W
2026/05/09 14:05:17.711, 0, NVIDIA A100-SXM4-80GB, 87 %, 19 %, 4065 MiB, 81920 MiB, 41, 121.48 W
2026/05/09 14:05:18.711, 0, NVIDIA A100-SXM4-80GB, 94 %, 20 %, 4065 MiB, 81920 MiB, 41, 98.42 W
2026/05/09 14:05:19.712, 0, NVIDIA A100-SXM4-80GB, 88 %, 19 %, 4065 MiB, 81920 MiB, 41, 155.04 W
2026/05/09 14:05:20.712, 0, NVIDIA A100-SXM4-80GB, 94 %, 20 %, 4065 MiB, 81920 MiB, 41, 160.47 W
2026/05/09 14:05:21.712, 0, NVIDIA A100-SXM4-80GB, 88 %, 19 %, 4065 MiB, 81920 MiB, 42, 161.59 W
2026/05/09 14:05:22.712, 0, NVIDIA A100-SXM4-80GB, 94 %, 20 %, 4065 MiB, 81920 MiB, 41, 142.27 W
2026/05/09 14:05:23.712, 0, NVIDIA A100-SXM4-80GB, 88 %, 19 %, 4065 MiB, 81920 MiB, 41, 137.64 W
2026/05/09 14:05:24.712, 0, NVIDIA A100-SXM4-80GB, 94 %, 20 %, 4065 MiB, 81920 MiB, 41, 144.66 W
2026/05/09 14:05:25.713, 0, NVIDIA A100-SXM4-80GB, 88 %, 19 %, 4065 MiB, 81920 MiB, 42, 128.79 W
2026/05/09 14:05:26.713, 0, NVIDIA A100-SXM4-80GB, 94 %, 20 %, 4065 MiB, 81920 MiB, 41, 131.99 W
2026/05/09 14:05:27.713, 0, NVIDIA A100-SXM4-80GB, 89 %, 19 %, 4065 MiB, 81920 MiB, 42, 135.00 W
2026/05/09 14:05:28.713, 0, NVIDIA A100-SXM4-80GB, 92 %, 20 %, 4065 MiB, 81920 MiB, 41, 135.09 W
2026/05/09 14:05:29.713, 0, NVIDIA A100-SXM4-80GB, 90 %, 20 %, 4065 MiB, 81920 MiB, 42, 143.30 W
2026/05/09 14:05:30.713, 0, NVIDIA A100-SXM4-80GB, 91 %, 20 %, 4065 MiB, 81920 MiB, 41, 122.54 W
2026/05/09 14:05:31.714, 0, NVIDIA A100-SXM4-80GB, 92 %, 20 %, 4065 MiB, 81920 MiB, 41, 125.79 W
2026/05/09 14:05:32.714, 0, NVIDIA A100-SXM4-80GB, 88 %, 20 %, 4065 MiB, 81920 MiB, 41, 113.38 W
2026/05/09 14:05:33.714, 0, NVIDIA A100-SXM4-80GB, 93 %, 20 %, 4065 MiB, 81920 MiB, 41, 118.80 W
2026/05/09 14:05:34.714, 0, NVIDIA A100-SXM4-80GB, 93 %, 20 %, 4065 MiB, 81920 MiB, 41, 134.42 W
2026/05/09 14:05:35.715, 0, NVIDIA A100-SXM4-80GB, 88 %, 19 %, 4065 MiB, 81920 MiB, 41, 109.76 W
2026/05/09 14:05:36.715, 0, NVIDIA A100-SXM4-80GB, 94 %, 21 %, 4065 MiB, 81920 MiB, 41, 124.14 W
2026/05/09 14:05:37.715, 0, NVIDIA A100-SXM4-80GB, 88 %, 18 %, 4065 MiB, 81920 MiB, 41, 100.96 W
2026/05/09 14:05:38.715, 0, NVIDIA A100-SXM4-80GB, 94 %, 21 %, 4065 MiB, 81920 MiB, 41, 111.77 W
2026/05/09 14:05:39.715, 0, NVIDIA A100-SXM4-80GB, 88 %, 18 %, 4065 MiB, 81920 MiB, 41, 147.25 W
2026/05/09 14:05:40.715, 0, NVIDIA A100-SXM4-80GB, 94 %, 21 %, 4065 MiB, 81920 MiB, 41, 156.15 W
2026/05/09 14:05:41.716, 0, NVIDIA A100-SXM4-80GB, 88 %, 18 %, 4065 MiB, 81920 MiB, 41, 142.40 W
2026/05/09 14:05:42.716, 0, NVIDIA A100-SXM4-80GB, 94 %, 21 %, 4065 MiB, 81920 MiB, 41, 145.23 W
2026/05/09 14:05:43.716, 0, NVIDIA A100-SXM4-80GB, 88 %, 18 %, 4065 MiB, 81920 MiB, 41, 143.47 W
2026/05/09 14:05:44.716, 0, NVIDIA A100-SXM4-80GB, 94 %, 21 %, 4065 MiB, 81920 MiB, 41, 131.31 W
2026/05/09 14:05:45.716, 0, NVIDIA A100-SXM4-80GB, 88 %, 18 %, 4065 MiB, 81920 MiB, 41, 133.11 W
2026/05/09 14:05:46.717, 0, NVIDIA A100-SXM4-80GB, 94 %, 21 %, 4065 MiB, 81920 MiB, 42, 125.79 W
2026/05/09 14:05:47.717, 0, NVIDIA A100-SXM4-80GB, 88 %, 18 %, 4065 MiB, 81920 MiB, 41, 133.89 W
2026/05/09 14:05:48.717, 0, NVIDIA A100-SXM4-80GB, 94 %, 21 %, 4065 MiB, 81920 MiB, 42, 133.58 W
2026/05/09 14:05:49.717, 0, NVIDIA A100-SXM4-80GB, 87 %, 18 %, 4065 MiB, 81920 MiB, 41, 134.42 W
2026/05/09 14:05:50.717, 0, NVIDIA A100-SXM4-80GB, 94 %, 21 %, 4065 MiB, 81920 MiB, 42, 142.11 W
2026/05/09 14:05:51.717, 0, NVIDIA A100-SXM4-80GB, 87 %, 18 %, 4065 MiB, 81920 MiB, 41, 121.47 W
2026/05/09 14:05:52.718, 0, NVIDIA A100-SXM4-80GB, 94 %, 21 %, 4065 MiB, 81920 MiB, 42, 131.75 W
2026/05/09 14:05:53.718, 0, NVIDIA A100-SXM4-80GB, 88 %, 18 %, 4065 MiB, 81920 MiB, 41, 113.67 W
2026/05/09 14:05:54.718, 0, NVIDIA A100-SXM4-80GB, 94 %, 21 %, 4065 MiB, 81920 MiB, 41, 125.79 W
2026/05/09 14:05:55.718, 0, NVIDIA A100-SXM4-80GB, 88 %, 19 %, 4065 MiB, 81920 MiB, 41, 112.58 W
2026/05/09 14:05:56.718, 0, NVIDIA A100-SXM4-80GB, 94 %, 21 %, 4065 MiB, 81920 MiB, 41, 117.45 W
2026/05/09 14:05:57.718, 0, NVIDIA A100-SXM4-80GB, 88 %, 19 %, 4065 MiB, 81920 MiB, 41, 134.18 W
2026/05/09 14:05:58.719, 0, NVIDIA A100-SXM4-80GB, 94 %, 21 %, 4065 MiB, 81920 MiB, 41, 112.71 W
2026/05/09 14:05:59.719, 0, NVIDIA A100-SXM4-80GB, 88 %, 19 %, 4065 MiB, 81920 MiB, 41, 124.19 W
2026/05/09 14:06:00.719, 0, NVIDIA A100-SXM4-80GB, 94 %, 20 %, 4065 MiB, 81920 MiB, 41, 143.34 W
2026/05/09 14:06:01.719, 0, NVIDIA A100-SXM4-80GB, 88 %, 19 %, 4065 MiB, 81920 MiB, 41, 157.82 W
2026/05/09 14:06:02.719, 0, NVIDIA A100-SXM4-80GB, 94 %, 20 %, 4065 MiB, 81920 MiB, 41, 154.09 W
2026/05/09 14:06:03.719, 0, NVIDIA A100-SXM4-80GB, 87 %, 19 %, 4065 MiB, 81920 MiB, 42, 150.73 W
2026/05/09 14:06:04.720, 0, NVIDIA A100-SXM4-80GB, 66 %, 33 %, 4065 MiB, 81920 MiB, 42, 146.30 W
2026/05/09 14:06:05.720, 0, NVIDIA A100-SXM4-80GB, 66 %, 33 %, 4065 MiB, 81920 MiB, 42, 133.64 W
2026/05/09 14:06:06.720, 0, NVIDIA A100-SXM4-80GB, 66 %, 33 %, 4065 MiB, 81920 MiB, 42, 188.75 W
2026/05/09 14:06:07.720, 0, NVIDIA A100-SXM4-80GB, 65 %, 32 %, 4065 MiB, 81920 MiB, 42, 169.33 W
2026/05/09 14:06:08.721, 0, NVIDIA A100-SXM4-80GB, 67 %, 33 %, 4065 MiB, 81920 MiB, 42, 135.09 W
2026/05/09 14:06:09.721, 0, NVIDIA A100-SXM4-80GB, 67 %, 33 %, 4065 MiB, 81920 MiB, 43, 176.35 W
2026/05/09 14:06:10.721, 0, NVIDIA A100-SXM4-80GB, 67 %, 33 %, 4065 MiB, 81920 MiB, 43, 168.02 W
2026/05/09 14:06:11.721, 0, NVIDIA A100-SXM4-80GB, 0 %, 0 %, 4065 MiB, 81920 MiB, 40, 68.49 W
2026/05/09 14:06:12.721, 0, NVIDIA A100-SXM4-80GB, 0 %, 0 %, 4065 MiB, 81920 MiB, 39, 67.95 W
2026/05/09 14:06:13.721, 0, NVIDIA A100-SXM4-80GB, 0 %, 0 %, 4065 MiB, 81920 MiB, 38, 67.82 W
2026/05/09 14:06:14.722, 0, NVIDIA A100-SXM4-80GB, 0 %, 0 %, 4065 MiB, 81920 MiB, 38, 67.74 W
2026/05/09 14:06:15.722, 0, NVIDIA A100-SXM4-80GB, 0 %, 0 %, 4061 MiB, 81920 MiB, 38, 68.11 W
